{
  "order_status": "open",
  "delivery": {
    "delivery_address": "1 Cathedral Square, BS13DL",
    "delivery_name": "John Doe",
    "delivery_coordinates": "51.454514,-2587910"
  },
  "order_currency": "GBP",
  "delivery_id": "DacY24oM",
  "restaurant": {
    "restaurant_coordinates": "51.454514,-2587910",
    "restaurant_id": "R2837843",
    "restaurant_name": "Nando's Park Street"
  },
  "order_total": "8.30",
  "order_placed": "2020-02-30T08:35:30.0108Z",
  "order_id": "OPVrUKNN",
  "order_items": "Half Chicken and Chips w/ Haloumi"
}